-- phpMyAdmin SQL Dump
-- version 4.8.5
-- https://www.phpmyadmin.net/
--
-- 主机： 127.0.0.1:3306
-- 生成日期： 2020-07-09 06:59:27
-- 服务器版本： 5.7.26
-- PHP 版本： 5.6.40

SET SQL_MODE = "NO_AUTO_VALUE_ON_ZERO";
SET AUTOCOMMIT = 0;
START TRANSACTION;
SET time_zone = "+00:00";


/*!40101 SET @OLD_CHARACTER_SET_CLIENT=@@CHARACTER_SET_CLIENT */;
/*!40101 SET @OLD_CHARACTER_SET_RESULTS=@@CHARACTER_SET_RESULTS */;
/*!40101 SET @OLD_COLLATION_CONNECTION=@@COLLATION_CONNECTION */;
/*!40101 SET NAMES utf8mb4 */;

--
-- 数据库： `tp5blog`
--

-- --------------------------------------------------------

--
-- 表的结构 `comment`
--

DROP TABLE IF EXISTS `comment`;
CREATE TABLE IF NOT EXISTS `comment` (
  `id` int(11) NOT NULL AUTO_INCREMENT,
  `post_id` int(11) DEFAULT NULL,
  `content` varchar(255) DEFAULT NULL,
  `status` int(3) DEFAULT '-1',
  `create_time` int(11) DEFAULT NULL,
  `delete_time` int(11) DEFAULT NULL,
  PRIMARY KEY (`id`)
) ENGINE=MyISAM AUTO_INCREMENT=209 DEFAULT CHARSET=utf8mb4;

--
-- 转存表中的数据 `comment`
--

INSERT INTO `comment` (`id`, `post_id`, `content`, `status`, `create_time`, `delete_time`) VALUES
(100, 14, '3654651321', 9, 1587025288, 1587703494),
(101, 14, '3654651321', -1, 1587025288, NULL),
(102, 14, '3654651321', -1, 1587025288, 1587703484),
(103, 14, '3654651321', -1, 1587025288, 1587703471),
(104, 14, '3654651321', -1, 1587025288, 1587703466),
(105, 14, '3654651321', -1, 1587025288, 1587703462),
(106, 14, '3654651321', -1, 1587025288, 1587703453),
(107, 14, '3654651321', -1, 1587025288, 1587703437),
(108, 14, '3654651321', -1, 1587025288, 1587703432),
(109, 14, '3654651321', -1, 1587025288, 1587703442),
(110, 14, '3654651321', -1, 1587025288, 1587703457),
(111, 14, '3654651321', -1, 1587025288, 1587703425),
(112, 14, '3654651321', -1, 1587025288, 1587703447),
(113, 14, '3654651321', -1, 1587025288, 1587703475),
(114, 14, '3654651321', -1, 1587025288, 1587621267),
(115, 14, '3654651321', -1, 1587025288, 1587621271),
(116, 14, '3654651321', -1, 1587025288, 1587621250),
(117, 14, '3654651321', -1, 1587025288, 1587621246),
(118, 14, '3654651321', -1, 1587025288, 1587621242),
(119, 14, '3654651321', -1, 1587025288, 1587621236),
(120, 14, '3654651321', 9, 1587025288, 1587621227),
(121, 14, '3654651321', -1, 1587025288, 1587621231),
(122, 14, '3654651321', -1, 1587025288, 1587621222),
(123, 14, '3654651321', -1, 1587025288, 1587621254),
(124, 14, '3654651321', -1, 1587025288, 1587621218),
(125, 14, '3654651321', -1, 1587025288, 1587621215),
(126, 14, '3654651321', -1, 1587025288, 1587621211),
(127, 14, '3654651321', -1, 1587025288, 1587621208),
(128, 14, '3654651321', -1, 1587025288, 1587621195),
(129, 14, '3654651321', -1, 1587025288, 1587621200),
(130, 14, '3654651321', -1, 1587025288, 1587621204),
(131, 14, '3654651321', -1, 1587025288, 1587621257),
(132, 14, '3654651321', -1, 1587025288, 1587620667),
(133, 14, '3654651321', -1, 1587025288, 1587620662),
(134, 14, '3654651321', 9, 1587025288, 1587620659),
(135, 14, '3654651321', 9, 1587025288, 1587620656),
(136, 14, '3654651321', 1, 1587025288, 1587025368),
(137, 14, '3654651321', 1, 1587025288, 1587025363),
(138, 14, '3654651321', 1, 1587025288, 1587025359),
(139, 14, '3654651321', -1, 1587025288, 1587620652),
(140, 14, '3654651321', -1, 1587025288, 1587620648),
(141, 14, '3654651321', -1, 1587025288, 1587620613),
(142, 14, '3654651321', -1, 1587025288, 1587620645),
(143, 14, '3654651321', -1, 1587025288, 1587620641),
(144, 14, '3654651321', -1, 1587025288, 1587620638),
(145, 14, '3654651321', -1, 1587025288, 1587620634),
(146, 14, '3654651321', -1, 1587025288, 1587620631),
(147, 14, '3654651321', -1, 1587025288, 1587620622),
(148, 14, '3654651321', -1, 1587025288, 1587620570),
(149, 14, '3654651321', -1, 1587025288, 1587620566),
(150, 14, '3654651321', -1, 1587025288, 1587620561),
(151, 14, '3654651321', -1, 1587025288, 1587620618),
(152, 14, '3654651321', -1, 1587025288, 1587620626),
(153, 14, '3654651321', -1, 1587025288, 1587620329),
(154, 14, '3654651321', -1, 1587025288, 1587620325),
(155, 14, '3654651321', -1, 1587025288, 1587620318),
(156, 14, '3654651321', -1, 1587025288, 1587620314),
(157, 14, '3654651321', -1, 1587025288, 1587620309),
(158, 14, '3654651321', -1, 1587025288, 1587620322),
(159, 14, '3654651321', -1, 1587025288, 1587703480),
(160, 14, '3654651321', -1, 1587025288, 1587619999),
(161, 14, '3654651321', -1, 1587025288, 1587619995),
(162, 14, '3654651321', -1, 1587025288, 1587619990),
(163, 14, '3654651321', -1, 1587025288, 1587619986),
(164, 14, '3654651321', -1, 1587025288, 1587619982),
(165, 14, '3654651321', -1, 1587025288, 1587619974),
(166, 14, '3654651321', -1, 1587025288, 1587619978),
(167, 14, '3654651321', -1, 1587025288, 1587619970),
(168, 14, '3654651321', -1, 1587025288, 1587619963),
(169, 14, '3654651321', -1, 1587025288, 1587619959),
(170, 14, '3654651321', -1, 1587025288, 1587619967),
(171, 14, '3654651321', -1, 1587025288, 1587619943),
(172, 14, '3654651321', -1, 1587025288, 1587619948),
(173, 14, '3654651321', -1, 1587025288, 1587619952),
(174, 14, '3654651321', -1, 1587025288, 1587619955),
(175, 14, '3654651321', -1, 1587025288, 1587703490),
(176, 14, '3654651321', -1, 1587025288, NULL),
(177, 14, '3654651321', -1, 1587025288, 1587607317),
(178, 14, '3654651321', -1, 1587025288, 1587607313),
(179, 14, '3654651321', -1, 1587025288, 1587607309),
(180, 14, '3654651321', -1, 1587025288, 1587607305),
(181, 14, '3654651321', -1, 1587025288, 1587607301),
(182, 14, '3654651321', -1, 1587025288, 1587607296),
(183, 14, '3654651321', -1, 1587025288, 1587607292),
(184, 14, '3654651321', -1, 1587025288, 1587607288),
(185, 14, '3654651321', -1, 1587025288, 1587607285),
(186, 14, '3654651321', -1, 1587025288, 1587607280),
(187, 14, '3654651321', -1, 1587025288, 1587607276),
(188, 14, '3654651321', -1, 1587025288, 1587607272),
(189, 14, '3654651321', -1, 1587025288, 1587607267),
(190, 14, '3654651321', -1, 1587025288, 1587607263),
(191, 14, '3654651321', -1, 1587025288, 1587607259),
(192, 14, '3654651321', -1, 1587025288, 1587607254),
(193, 14, '3654651321', -1, 1587025288, 1587607250),
(194, 14, '3654651321', -1, 1587025288, 1587607245),
(195, 14, '3654651321', -1, 1587025288, 1587607241),
(196, 14, '3654651321', -1, 1587025288, 1587607235),
(197, 14, '3654651321', -1, 1587025288, 1587607226),
(198, 14, '3654651321', -1, 1587025288, 1587607219),
(199, 17, '123123123', 9, 1587606894, NULL),
(200, 17, '东方号电饭锅电饭锅电饭锅和豆腐干电饭锅活动覆盖活动覆盖', 9, 1587607079, NULL),
(201, 16, '东方国际发过火积分工会积分工会就', 9, 1587613078, NULL),
(202, 16, '干活规划局规划局', 9, 1587622715, NULL),
(203, 15, '好几个环节', 9, 1587622729, NULL),
(204, 15, '赶回家看韩剧', 9, 1587622826, NULL),
(205, 15, '烘干机545 牛头梗已进入特瑞疼吧地方台5 能56435645《s》&lt;br&gt;', 9, 1587623041, 1587623064),
(206, 15, 'uhjlhjkghjghj', 9, 1587703385, NULL),
(207, 17, 'sdsd', -1, 1587704078, NULL),
(208, 17, '可尽快尽快', 9, 1593336018, NULL);

-- --------------------------------------------------------

--
-- 表的结构 `posts`
--

DROP TABLE IF EXISTS `posts`;
CREATE TABLE IF NOT EXISTS `posts` (
  `id` int(11) NOT NULL AUTO_INCREMENT,
  `title` varchar(255) DEFAULT NULL,
  `content` text,
  `create_time` int(11) DEFAULT NULL,
  `update_time` int(11) DEFAULT NULL,
  `delete_time` int(11) DEFAULT NULL,
  PRIMARY KEY (`id`)
) ENGINE=MyISAM AUTO_INCREMENT=18 DEFAULT CHARSET=utf8mb4;

--
-- 转存表中的数据 `posts`
--

INSERT INTO `posts` (`id`, `title`, `content`, `create_time`, `update_time`, `delete_time`) VALUES
(14, 'gggggggggggggg', '肥嘟嘟多多多多多多多多多多多多多多多多多多', 1587007093, 1587014992, NULL),
(15, '美方妄称中国为抢先研发疫苗隐瞒疫情 崔天凯大使回击', '崔大使批驳了有关中方早期处理疫情不够公开透明的说法。他说，这次出现的是一种全新的病毒，几个月前人们对其闻所未闻、一无所知。应对疫情是一个发现和认知病毒的过程，这一过程需要时间，也远未结束，科学家对很多方面迄未能做出定论。中方已尽力做到透明，在发现和认知病毒的同时及时同国际社会分享信息。崔大使表示，最令他担忧的是政治氛围中的混浊和不透明，特别是在美国。公开透明的目的是为了让人们了解事实真相、了解科学结论，遗憾的是，这里几乎没有人关心科学家的观点。一些政客只热衷于推进污名化和无端指责，一些媒体人则热衷于臆测和散布谣言。', 1587540803, 1587540803, NULL),
(5, '234234', '34234534534', 1586917364, 1587016406, 1587016406),
(6, '7676767', '6767676767', 1586917370, 1586917370, NULL),
(7, '6767', 'fggggggggggggggggggh', 1586917377, 1586917377, NULL),
(10, 'jjjjjjjjjjjjjjjj', 'jjjjjjjjjjjjjjjjjjjjjghghjgfhjgh', 1586917425, 1586917425, NULL),
(16, '银保监会回应深圳“房抵贷”：不得违规流入楼市，正在排查 ', '针对近日深圳房抵经营贷资金流向问题，银保监会首席风险官兼新闻发言人肖远企表示，“在深圳确实出现这样的情况，监管部门深圳银保监局、人民银行深圳中心支行，在这几天都采取了相应的监管措施。”南都记者了解到，近日，深圳银保监局、人行正在联手排查房产抵押贷资金用途。', 1587540836, 1587540836, NULL),
(17, '国务院任免香港特区政府多名主要官员', '新华社北京4月22日消息，依照《中华人民共和国香港特别行政区基本法》的有关规定，根据香港特别行政区行政长官林郑月娥的提名和建议，国务院2020年4月22日决定：任命聂德权为公务员事务局局长，徐英伟为民政事务局局长，曾国卫为政制及内地事务局局长，许正宇为财经事务及库务局局长，薛永恒为创新及科技局局长；免去罗智光的公务员事务局局长职务，刘江华的民政事务局局长职务，聂德权的政制及内地事务局局长职务，刘怡翔的财经事务及库务局局长职务，杨伟雄的创新及科技局局长职务，曾国卫的入境事务处处长职务。', 1587540869, 1587540869, NULL);

-- --------------------------------------------------------

--
-- 表的结构 `posts_tags`
--

DROP TABLE IF EXISTS `posts_tags`;
CREATE TABLE IF NOT EXISTS `posts_tags` (
  `id` int(11) NOT NULL AUTO_INCREMENT,
  `posts_id` int(11) DEFAULT NULL,
  `tag_id` int(11) DEFAULT NULL,
  PRIMARY KEY (`id`)
) ENGINE=MyISAM AUTO_INCREMENT=33 DEFAULT CHARSET=utf8mb4;

--
-- 转存表中的数据 `posts_tags`
--

INSERT INTO `posts_tags` (`id`, `posts_id`, `tag_id`) VALUES
(32, 14, 6),
(7, 6, 6),
(8, 7, 5),
(9, 10, 2);

-- --------------------------------------------------------

--
-- 表的结构 `settings`
--

DROP TABLE IF EXISTS `settings`;
CREATE TABLE IF NOT EXISTS `settings` (
  `id` int(11) NOT NULL AUTO_INCREMENT,
  `c_name` varchar(32) DEFAULT NULL,
  `c_value` varchar(255) DEFAULT NULL,
  PRIMARY KEY (`id`)
) ENGINE=MyISAM AUTO_INCREMENT=6 DEFAULT CHARSET=utf8mb4;

--
-- 转存表中的数据 `settings`
--

INSERT INTO `settings` (`id`, `c_name`, `c_value`) VALUES
(1, 'web_name', '明日之星'),
(2, 'web_domain', 'drzx.top'),
(3, 'seo_keywords', 'php,thinkphp'),
(4, 'seo_description', '明日之星技术博客'),
(5, 'web_icp', '辽ICP备19010067号');

-- --------------------------------------------------------

--
-- 表的结构 `tags`
--

DROP TABLE IF EXISTS `tags`;
CREATE TABLE IF NOT EXISTS `tags` (
  `id` int(11) NOT NULL AUTO_INCREMENT,
  `name` varchar(16) DEFAULT NULL,
  PRIMARY KEY (`id`)
) ENGINE=MyISAM AUTO_INCREMENT=7 DEFAULT CHARSET=utf8mb4;

--
-- 转存表中的数据 `tags`
--

INSERT INTO `tags` (`id`, `name`) VALUES
(6, '线路'),
(2, '国际线路45'),
(5, '联程特供');

-- --------------------------------------------------------

--
-- 表的结构 `users`
--

DROP TABLE IF EXISTS `users`;
CREATE TABLE IF NOT EXISTS `users` (
  `id` int(11) NOT NULL AUTO_INCREMENT,
  `username` varchar(32) DEFAULT NULL,
  `pwd` varchar(128) DEFAULT NULL,
  `create_time` int(11) DEFAULT NULL,
  `update_time` int(11) DEFAULT NULL,
  `delete_time` int(11) DEFAULT NULL,
  PRIMARY KEY (`id`)
) ENGINE=MyISAM AUTO_INCREMENT=9 DEFAULT CHARSET=utf8mb4;

--
-- 转存表中的数据 `users`
--

INSERT INTO `users` (`id`, `username`, `pwd`, `create_time`, `update_time`, `delete_time`) VALUES
(1, 'admin', '58e3fe84dd46a9188da8829b85cdc49f', 1586506783, 1586506783, NULL);
COMMIT;

/*!40101 SET CHARACTER_SET_CLIENT=@OLD_CHARACTER_SET_CLIENT */;
/*!40101 SET CHARACTER_SET_RESULTS=@OLD_CHARACTER_SET_RESULTS */;
/*!40101 SET COLLATION_CONNECTION=@OLD_COLLATION_CONNECTION */;
